id_venta,id_producto,nombre_producto_x,cantidad,precio_unitario_x,importe,fecha,id_cliente,nombre_cliente_venta,email_venta,medio_pago,nombre_producto_y,categoria,precio_unitario_y,nombre_cliente_cliente,email_cliente,ciudad,fecha_alta,mes
1,90,Toallas Húmedas x50,1,2902,2902,2024-06-19,62,Guadalupe Romero,guadalupe.romero@mail.com,tarjeta,Toallas Húmedas x50,Limpieza,2902,Guadalupe Romero,guadalupe.romero@mail.com,Carlos Paz,2023-03-03,6
2,82,Aceitunas Negras 200g,5,2394,11970,2024-03-17,49,Olivia Gomez,olivia.gomez@mail.com,qr,Aceitunas Negras 200g,Limpieza,2394,Olivia Gomez,olivia.gomez@mail.com,Rio Cuarto,2023-02-18,3
2,39,Helado Vainilla 1L,5,469,2345,2024-03-17,49,Olivia Gomez,olivia.gomez@mail.com,qr,Helado Vainilla 1L,Alimentos,469,Olivia Gomez,olivia.gomez@mail.com,Rio Cuarto,2023-02-18,3
2,70,Fernet 750ml,2,4061,8122,2024-03-17,49,Olivia Gomez,olivia.gomez@mail.com,qr,Fernet 750ml,Limpieza,4061,Olivia Gomez,olivia.gomez@mail.com,Rio Cuarto,2023-02-18,3
2,22,Medialunas de Manteca,1,2069,2069,2024-03-17,49,Olivia Gomez,olivia.gomez@mail.com,qr,Medialunas de Manteca,Limpieza,2069,Olivia Gomez,olivia.gomez@mail.com,Rio Cuarto,2023-02-18,3
2,79,Hamburguesas Congeladas x4,4,2420,9680,2024-03-17,49,Olivia Gomez,olivia.gomez@mail.com,qr,Hamburguesas Congeladas x4,Alimentos,2420,Olivia Gomez,olivia.gomez@mail.com,Rio Cuarto,2023-02-18,3
3,9,Yerba Mate Suave 1kg,2,3878,7756,2024-01-13,20,Tomas Acosta,tomas.acosta@mail.com,tarjeta,Yerba Mate Suave 1kg,Alimentos,3878,Tomas Acosta,tomas.acosta@mail.com,Rio Cuarto,2023-01-20,1
3,2,Pepsi 1.5L,2,4973,9946,2024-01-13,20,Tomas Acosta,tomas.acosta@mail.com,tarjeta,Pepsi 1.5L,Limpieza,4973,Tomas Acosta,tomas.acosta@mail.com,Rio Cuarto,2023-01-20,1
3,85,Jugo en Polvo Naranja,1,1856,1856,2024-01-13,20,Tomas Acosta,tomas.acosta@mail.com,tarjeta,Jugo en Polvo Naranja,Alimentos,1856,Tomas Acosta,tomas.acosta@mail.com,Rio Cuarto,2023-01-20,1
4,4,Fanta Naranja 1.5L,2,2033,4066,2024-02-27,36,Martina Molina,martina.molina@mail.com,transferencia,Fanta Naranja 1.5L,Limpieza,2033,Martina Molina,martina.molina@mail.com,Mendiolaza,2023-02-05,2
4,23,Bizcochos Salados,5,2380,11900,2024-02-27,36,Martina Molina,martina.molina@mail.com,transferencia,Bizcochos Salados,Alimentos,2380,Martina Molina,martina.molina@mail.com,Mendiolaza,2023-02-05,2
5,86,Jugo en Polvo Limón,4,4090,16360,2024-06-11,56,Bruno Diaz,bruno.diaz@mail.com,tarjeta,Jugo en Polvo Limón,Limpieza,4090,Bruno Diaz,bruno.diaz@mail.com,Rio Cuarto,2023-02-25,6
6,25,Galletitas Vainilla,2,4015,8030,2024-05-05,91,Uma Sanchez,uma.sanchez@mail.com,transferencia,Galletitas Vainilla,Alimentos,4015,Uma Sanchez,uma.sanchez@mail.com,Mendiolaza,2023-04-01,5
6,31,Mix de Frutos Secos 200g,3,3409,10227,2024-05-05,91,Uma Sanchez,uma.sanchez@mail.com,transferencia,Mix de Frutos Secos 200g,Alimentos,3409,Uma Sanchez,uma.sanchez@mail.com,Mendiolaza,2023-04-01,5
6,83,Queso Untable 190g,1,1830,1830,2024-05-05,91,Uma Sanchez,uma.sanchez@mail.com,transferencia,Queso Untable 190g,Alimentos,1830,Uma Sanchez,uma.sanchez@mail.com,Mendiolaza,2023-04-01,5
6,59,Chicle Menta,4,3612,14448,2024-05-05,91,Uma Sanchez,uma.sanchez@mail.com,transferencia,Chicle Menta,Alimentos,3612,Uma Sanchez,uma.sanchez@mail.com,Mendiolaza,2023-04-01,5
7,63,Granola 250g,3,4337,13011,2024-05-06,92,Mariana Rodriguez,mariana.rodriguez@mail.com,efectivo,Granola 250g,Alimentos,4337,Mariana Rodriguez,mariana.rodriguez@mail.com,Alta Gracia,2023-04-02,5
8,53,Lavandina 1L,5,1664,8320,2024-01-06,66,Tomas Herrera,tomas.herrera@mail.com,transferencia,Lavandina 1L,Alimentos,1664,Tomas Herrera,tomas.herrera@mail.com,Villa Maria,2023-03-07,1
8,18,Queso Rallado 150g,4,3444,13776,2024-01-06,66,Tomas Herrera,tomas.herrera@mail.com,transferencia,Queso Rallado 150g,Limpieza,3444,Tomas Herrera,tomas.herrera@mail.com,Villa Maria,2023-03-07,1
8,68,Vino Blanco 750ml,5,2684,13420,2024-01-06,66,Tomas Herrera,tomas.herrera@mail.com,transferencia,Vino Blanco 750ml,Limpieza,2684,Tomas Herrera,tomas.herrera@mail.com,Villa Maria,2023-03-07,1
9,65,Cerveza Rubia 1L,4,2423,9692,2024-01-20,86,Diego Torres,diego.torres@mail.com,efectivo,Cerveza Rubia 1L,Alimentos,2423,Diego Torres,diego.torres@mail.com,Cordoba,2023-03-27,1
10,36,Dulce de Leche 400g,2,2559,5118,2024-05-28,52,Diego Diaz,diego.diaz@mail.com,qr,Dulce de Leche 400g,Limpieza,2559,Diego Diaz,diego.diaz@mail.com,Rio Cuarto,2023-02-21,5
10,100,Trapo de Piso,4,4854,19416,2024-05-28,52,Diego Diaz,diego.diaz@mail.com,qr,Trapo de Piso,Limpieza,4854,Diego Diaz,diego.diaz@mail.com,Rio Cuarto,2023-02-21,5
10,37,Mermelada de Durazno 400g,3,3196,9588,2024-05-28,52,Diego Diaz,diego.diaz@mail.com,qr,Mermelada de Durazno 400g,Alimentos,3196,Diego Diaz,diego.diaz@mail.com,Rio Cuarto,2023-02-21,5
10,62,Stevia 100 sobres,1,3848,3848,2024-05-28,52,Diego Diaz,diego.diaz@mail.com,qr,Stevia 100 sobres,Limpieza,3848,Diego Diaz,diego.diaz@mail.com,Rio Cuarto,2023-02-21,5
11,13,Té Verde 20 saquitos,1,2383,2383,2024-04-10,20,Tomas Acosta,tomas.acosta@mail.com,qr,Té Verde 20 saquitos,Alimentos,2383,Tomas Acosta,tomas.acosta@mail.com,Rio Cuarto,2023-01-20,4
11,65,Cerveza Rubia 1L,2,2423,4846,2024-04-10,20,Tomas Acosta,tomas.acosta@mail.com,qr,Cerveza Rubia 1L,Alimentos,2423,Tomas Acosta,tomas.acosta@mail.com,Rio Cuarto,2023-01-20,4
11,28,Papas Fritas Clásicas 100g,1,936,936,2024-04-10,20,Tomas Acosta,tomas.acosta@mail.com,qr,Papas Fritas Clásicas 100g,Limpieza,936,Tomas Acosta,tomas.acosta@mail.com,Rio Cuarto,2023-01-20,4
12,72,Ron 700ml,2,3876,7752,2024-06-28,96,Rocio Gonzalez,rocio.gonzalez@mail.com,efectivo,Ron 700ml,Limpieza,3876,Rocio Gonzalez,rocio.gonzalez@mail.com,Cordoba,2023-04-06,6
12,50,Azúcar 1kg,2,727,1454,2024-06-28,96,Rocio Gonzalez,rocio.gonzalez@mail.com,efectivo,Azúcar 1kg,Limpieza,727,Rocio Gonzalez,rocio.gonzalez@mail.com,Cordoba,2023-04-06,6
12,56,Papel Higiénico x4,3,2532,7596,2024-06-28,96,Rocio Gonzalez,rocio.gonzalez@mail.com,efectivo,Papel Higiénico x4,Limpieza,2532,Rocio Gonzalez,rocio.gonzalez@mail.com,Cordoba,2023-04-06,6
12,87,Sopa Instantánea Pollo,3,1679,5037,2024-06-28,96,Rocio Gonzalez,rocio.gonzalez@mail.com,efectivo,Sopa Instantánea Pollo,Alimentos,1679,Rocio Gonzalez,rocio.gonzalez@mail.com,Cordoba,2023-04-06,6
12,38,Mermelada de Frutilla 400g,4,1584,6336,2024-06-28,96,Rocio Gonzalez,rocio.gonzalez@mail.com,efectivo,Mermelada de Frutilla 400g,Limpieza,1584,Rocio Gonzalez,rocio.gonzalez@mail.com,Cordoba,2023-04-06,6
13,87,Sopa Instantánea Pollo,1,1679,1679,2024-01-24,6,Uma Medina,uma.medina@mail.com,tarjeta,Sopa Instantánea Pollo,Alimentos,1679,Uma Medina,uma.medina@mail.com,Villa Maria,2023-01-06,1
13,81,Aceitunas Verdes 200g,3,2520,7560,2024-01-24,6,Uma Medina,uma.medina@mail.com,tarjeta,Aceitunas Verdes 200g,Alimentos,2520,Uma Medina,uma.medina@mail.com,Villa Maria,2023-01-06,1
13,13,Té Verde 20 saquitos,1,2383,2383,2024-01-24,6,Uma Medina,uma.medina@mail.com,tarjeta,Té Verde 20 saquitos,Alimentos,2383,Uma Medina,uma.medina@mail.com,Villa Maria,2023-01-06,1
14,36,Dulce de Leche 400g,4,2559,10236,2024-04-18,67,Ivana Romero,ivana.romero@mail.com,qr,Dulce de Leche 400g,Limpieza,2559,Ivana Romero,ivana.romero@mail.com,Alta Gracia,2023-03-08,4
14,72,Ron 700ml,5,3876,19380,2024-04-18,67,Ivana Romero,ivana.romero@mail.com,qr,Ron 700ml,Limpieza,3876,Ivana Romero,ivana.romero@mail.com,Alta Gracia,2023-03-08,4
14,38,Mermelada de Frutilla 400g,3,1584,4752,2024-04-18,67,Ivana Romero,ivana.romero@mail.com,qr,Mermelada de Frutilla 400g,Limpieza,1584,Ivana Romero,ivana.romero@mail.com,Alta Gracia,2023-03-08,4
14,97,Limpiavidrios 500ml,1,872,872,2024-04-18,67,Ivana Romero,ivana.romero@mail.com,qr,Limpiavidrios 500ml,Alimentos,872,Ivana Romero,ivana.romero@mail.com,Alta Gracia,2023-03-08,4
15,37,Mermelada de Durazno 400g,3,3196,9588,2024-06-27,56,Bruno Diaz,bruno.diaz@mail.com,transferencia,Mermelada de Durazno 400g,Alimentos,3196,Bruno Diaz,bruno.diaz@mail.com,Rio Cuarto,2023-02-25,6
16,35,Barrita de Cereal 30g,5,4430,22150,2024-04-12,2,Nicolas Rojas,nicolas.rojas@mail.com,efectivo,Barrita de Cereal 30g,Alimentos,4430,Nicolas Rojas,nicolas.rojas@mail.com,Carlos Paz,2023-01-02,4
17,81,Aceitunas Verdes 200g,5,2520,12600,2024-02-17,88,Felipe Castro,felipe.castro@mail.com,efectivo,Aceitunas Verdes 200g,Alimentos,2520,Felipe Castro,felipe.castro@mail.com,Villa Maria,2023-03-29,2
17,46,Lentejas Secas 500g,5,3036,15180,2024-02-17,88,Felipe Castro,felipe.castro@mail.com,efectivo,Lentejas Secas 500g,Limpieza,3036,Felipe Castro,felipe.castro@mail.com,Villa Maria,2023-03-29,2
17,74,Whisky 750ml,3,2953,8859,2024-02-17,88,Felipe Castro,felipe.castro@mail.com,efectivo,Whisky 750ml,Limpieza,2953,Felipe Castro,felipe.castro@mail.com,Villa Maria,2023-03-29,2
18,33,Chocolate con Leche 100g,2,1255,2510,2024-06-11,81,Camila Ruiz,camila.ruiz@mail.com,qr,Chocolate con Leche 100g,Alimentos,1255,Camila Ruiz,camila.ruiz@mail.com,Carlos Paz,2023-03-22,6
18,4,Fanta Naranja 1.5L,5,2033,10165,2024-06-11,81,Camila Ruiz,camila.ruiz@mail.com,qr,Fanta Naranja 1.5L,Limpieza,2033,Camila Ruiz,camila.ruiz@mail.com,Carlos Paz,2023-03-22,6
18,24,Galletitas Chocolate,2,1305,2610,2024-06-11,81,Camila Ruiz,camila.ruiz@mail.com,qr,Galletitas Chocolate,Limpieza,1305,Camila Ruiz,camila.ruiz@mail.com,Carlos Paz,2023-03-22,6
18,15,Leche Descremada 1L,3,2538,7614,2024-06-11,81,Camila Ruiz,camila.ruiz@mail.com,qr,Leche Descremada 1L,Alimentos,2538,Camila Ruiz,camila.ruiz@mail.com,Carlos Paz,2023-03-22,6
18,22,Medialunas de Manteca,5,2069,10345,2024-06-11,81,Camila Ruiz,camila.ruiz@mail.com,qr,Medialunas de Manteca,Limpieza,2069,Camila Ruiz,camila.ruiz@mail.com,Carlos Paz,2023-03-22,6
19,38,Mermelada de Frutilla 400g,2,1584,3168,2024-06-11,80,Gael Ruiz,gael.ruiz@mail.com,efectivo,Mermelada de Frutilla 400g,Limpieza,1584,Gael Ruiz,gael.ruiz@mail.com,Mendiolaza,2023-03-21,6
19,98,Desengrasante 500ml,3,2843,8529,2024-06-11,80,Gael Ruiz,gael.ruiz@mail.com,efectivo,Desengrasante 500ml,Limpieza,2843,Gael Ruiz,gael.ruiz@mail.com,Mendiolaza,2023-03-21,6
19,63,Granola 250g,3,4337,13011,2024-06-11,80,Gael Ruiz,gael.ruiz@mail.com,efectivo,Granola 250g,Alimentos,4337,Gael Ruiz,gael.ruiz@mail.com,Mendiolaza,2023-03-21,6
20,32,Chocolate Amargo 100g,3,2234,6702,2024-01-13,75,Santiago Castro,santiago.castro@mail.com,tarjeta,Chocolate Amargo 100g,Limpieza,2234,Santiago Castro,santiago.castro@mail.com,Rio Cuarto,2023-03-16,1
21,76,Pizza Congelada Muzzarella,5,4286,21430,2024-06-19,10,Karina Acosta,karina.acosta@mail.com,transferencia,Pizza Congelada Muzzarella,Limpieza,4286,Karina Acosta,karina.acosta@mail.com,Cordoba,2023-01-10,6
21,35,Barrita de Cereal 30g,1,4430,4430,2024-06-19,10,Karina Acosta,karina.acosta@mail.com,transferencia,Barrita de Cereal 30g,Alimentos,4430,Karina Acosta,karina.acosta@mail.com,Cordoba,2023-01-10,6
22,9,Yerba Mate Suave 1kg,2,3878,7756,2024-05-08,64,Julian Alvarez,julian.alvarez@mail.com,transferencia,Yerba Mate Suave 1kg,Alimentos,3878,Julian Alvarez,julian.alvarez@mail.com,Villa Maria,2023-03-05,5
22,28,Papas Fritas Clásicas 100g,3,936,2808,2024-05-08,64,Julian Alvarez,julian.alvarez@mail.com,transferencia,Papas Fritas Clásicas 100g,Limpieza,936,Julian Alvarez,julian.alvarez@mail.com,Villa Maria,2023-03-05,5
22,24,Galletitas Chocolate,4,1305,5220,2024-05-08,64,Julian Alvarez,julian.alvarez@mail.com,transferencia,Galletitas Chocolate,Limpieza,1305,Julian Alvarez,julian.alvarez@mail.com,Villa Maria,2023-03-05,5
23,64,Avena Instantánea 250g,4,3953,15812,2024-05-16,78,Emilia Alvarez,emilia.alvarez@mail.com,transferencia,Avena Instantánea 250g,Limpieza,3953,Emilia Alvarez,emilia.alvarez@mail.com,Villa Maria,2023-03-19,5
23,83,Queso Untable 190g,4,1830,7320,2024-05-16,78,Emilia Alvarez,emilia.alvarez@mail.com,transferencia,Queso Untable 190g,Alimentos,1830,Emilia Alvarez,emilia.alvarez@mail.com,Villa Maria,2023-03-19,5
24,91,Desodorante Aerosol,2,4690,9380,2024-06-14,55,Olivia Ruiz,olivia.ruiz@mail.com,tarjeta,Desodorante Aerosol,Alimentos,4690,Olivia Ruiz,olivia.ruiz@mail.com,Mendiolaza,2023-02-24,6
24,40,Helado Chocolate 1L,5,1215,6075,2024-06-14,55,Olivia Ruiz,olivia.ruiz@mail.com,tarjeta,Helado Chocolate 1L,Limpieza,1215,Olivia Ruiz,olivia.ruiz@mail.com,Mendiolaza,2023-02-24,6
25,55,Shampoo 400ml,1,1407,1407,2024-04-30,13,Ivana Sanchez,ivana.sanchez@mail.com,transferencia,Shampoo 400ml,Alimentos,1407,Ivana Sanchez,ivana.sanchez@mail.com,Carlos Paz,2023-01-13,4
25,95,Mascarilla Capilar,5,1581,7905,2024-04-30,13,Ivana Sanchez,ivana.sanchez@mail.com,transferencia,Mascarilla Capilar,Alimentos,1581,Ivana Sanchez,ivana.sanchez@mail.com,Carlos Paz,2023-01-13,4
25,72,Ron 700ml,1,3876,3876,2024-04-30,13,Ivana Sanchez,ivana.sanchez@mail.com,transferencia,Ron 700ml,Limpieza,3876,Ivana Sanchez,ivana.sanchez@mail.com,Carlos Paz,2023-01-13,4
26,79,Hamburguesas Congeladas x4,2,2420,4840,2024-01-23,49,Olivia Gomez,olivia.gomez@mail.com,efectivo,Hamburguesas Congeladas x4,Alimentos,2420,Olivia Gomez,olivia.gomez@mail.com,Rio Cuarto,2023-02-18,1
26,86,Jugo en Polvo Limón,1,4090,4090,2024-01-23,49,Olivia Gomez,olivia.gomez@mail.com,efectivo,Jugo en Polvo Limón,Limpieza,4090,Olivia Gomez,olivia.gomez@mail.com,Rio Cuarto,2023-02-18,1
27,7,Jugo de Manzana 1L,4,3269,13076,2024-02-25,9,Yamila Molina,yamila.molina@mail.com,transferencia,Jugo de Manzana 1L,Alimentos,3269,Yamila Molina,yamila.molina@mail.com,Carlos Paz,2023-01-09,2
27,78,Verduras Congeladas Mix,4,4289,17156,2024-02-25,9,Yamila Molina,yamila.molina@mail.com,transferencia,Verduras Congeladas Mix,Limpieza,4289,Yamila Molina,yamila.molina@mail.com,Carlos Paz,2023-01-09,2
28,74,Whisky 750ml,1,2953,2953,2024-05-20,52,Diego Diaz,diego.diaz@mail.com,qr,Whisky 750ml,Limpieza,2953,Diego Diaz,diego.diaz@mail.com,Rio Cuarto,2023-02-21,5
28,91,Desodorante Aerosol,2,4690,9380,2024-05-20,52,Diego Diaz,diego.diaz@mail.com,qr,Desodorante Aerosol,Alimentos,4690,Diego Diaz,diego.diaz@mail.com,Rio Cuarto,2023-02-21,5
28,72,Ron 700ml,1,3876,3876,2024-05-20,52,Diego Diaz,diego.diaz@mail.com,qr,Ron 700ml,Limpieza,3876,Diego Diaz,diego.diaz@mail.com,Rio Cuarto,2023-02-21,5
28,18,Queso Rallado 150g,2,3444,6888,2024-05-20,52,Diego Diaz,diego.diaz@mail.com,qr,Queso Rallado 150g,Limpieza,3444,Diego Diaz,diego.diaz@mail.com,Rio Cuarto,2023-02-21,5
28,27,Alfajor Simple,5,2502,12510,2024-05-20,52,Diego Diaz,diego.diaz@mail.com,qr,Alfajor Simple,Alimentos,2502,Diego Diaz,diego.diaz@mail.com,Rio Cuarto,2023-02-21,5
29,58,Caramelos Masticables,1,4752,4752,2024-02-20,49,Olivia Gomez,olivia.gomez@mail.com,qr,Caramelos Masticables,Limpieza,4752,Olivia Gomez,olivia.gomez@mail.com,Rio Cuarto,2023-02-18,2
29,36,Dulce de Leche 400g,2,2559,5118,2024-02-20,49,Olivia Gomez,olivia.gomez@mail.com,qr,Dulce de Leche 400g,Limpieza,2559,Olivia Gomez,olivia.gomez@mail.com,Rio Cuarto,2023-02-18,2
29,71,Vodka 700ml,4,508,2032,2024-02-20,49,Olivia Gomez,olivia.gomez@mail.com,qr,Vodka 700ml,Alimentos,508,Olivia Gomez,olivia.gomez@mail.com,Rio Cuarto,2023-02-18,2
29,27,Alfajor Simple,2,2502,5004,2024-02-20,49,Olivia Gomez,olivia.gomez@mail.com,qr,Alfajor Simple,Alimentos,2502,Olivia Gomez,olivia.gomez@mail.com,Rio Cuarto,2023-02-18,2
29,66,Cerveza Negra 1L,1,1533,1533,2024-02-20,49,Olivia Gomez,olivia.gomez@mail.com,qr,Cerveza Negra 1L,Limpieza,1533,Olivia Gomez,olivia.gomez@mail.com,Rio Cuarto,2023-02-18,2
30,49,Harina de Trigo 1kg,4,2512,10048,2024-03-03,93,Gael Rojas,gael.rojas@mail.com,efectivo,Harina de Trigo 1kg,Alimentos,2512,Gael Rojas,gael.rojas@mail.com,Alta Gracia,2023-04-03,3
30,78,Verduras Congeladas Mix,3,4289,12867,2024-03-03,93,Gael Rojas,gael.rojas@mail.com,efectivo,Verduras Congeladas Mix,Limpieza,4289,Gael Rojas,gael.rojas@mail.com,Alta Gracia,2023-04-03,3
30,82,Aceitunas Negras 200g,4,2394,9576,2024-03-03,93,Gael Rojas,gael.rojas@mail.com,efectivo,Aceitunas Negras 200g,Limpieza,2394,Gael Rojas,gael.rojas@mail.com,Alta Gracia,2023-04-03,3
30,7,Jugo de Manzana 1L,1,3269,3269,2024-03-03,93,Gael Rojas,gael.rojas@mail.com,efectivo,Jugo de Manzana 1L,Alimentos,3269,Gael Rojas,gael.rojas@mail.com,Alta Gracia,2023-04-03,3
31,92,Crema Dental 90g,4,2512,10048,2024-05-22,19,Uma Silva,uma.silva@mail.com,tarjeta,Crema Dental 90g,Limpieza,2512,Uma Silva,uma.silva@mail.com,Mendiolaza,2023-01-19,5
31,90,Toallas Húmedas x50,3,2902,8706,2024-05-22,19,Uma Silva,uma.silva@mail.com,tarjeta,Toallas Húmedas x50,Limpieza,2902,Uma Silva,uma.silva@mail.com,Mendiolaza,2023-01-19,5
31,84,Queso Azul 150g,5,1645,8225,2024-05-22,19,Uma Silva,uma.silva@mail.com,tarjeta,Queso Azul 150g,Limpieza,1645,Uma Silva,uma.silva@mail.com,Mendiolaza,2023-01-19,5
32,72,Ron 700ml,5,3876,19380,2024-01-30,31,Felipe Ruiz,felipe.ruiz@mail.com,efectivo,Ron 700ml,Limpieza,3876,Felipe Ruiz,felipe.ruiz@mail.com,Villa Maria,2023-01-31,1
32,53,Lavandina 1L,4,1664,6656,2024-01-30,31,Felipe Ruiz,felipe.ruiz@mail.com,efectivo,Lavandina 1L,Alimentos,1664,Felipe Ruiz,felipe.ruiz@mail.com,Villa Maria,2023-01-31,1
32,17,Queso Cremoso 500g,3,4834,14502,2024-01-30,31,Felipe Ruiz,felipe.ruiz@mail.com,efectivo,Queso Cremoso 500g,Alimentos,4834,Felipe Ruiz,felipe.ruiz@mail.com,Villa Maria,2023-01-31,1
32,35,Barrita de Cereal 30g,3,4430,13290,2024-01-30,31,Felipe Ruiz,felipe.ruiz@mail.com,efectivo,Barrita de Cereal 30g,Alimentos,4430,Felipe Ruiz,felipe.ruiz@mail.com,Villa Maria,2023-01-31,1
33,47,Garbanzos 500g,2,2939,5878,2024-02-13,6,Uma Medina,uma.medina@mail.com,efectivo,Garbanzos 500g,Alimentos,2939,Uma Medina,uma.medina@mail.com,Villa Maria,2023-01-06,2
33,76,Pizza Congelada Muzzarella,4,4286,17144,2024-02-13,6,Uma Medina,uma.medina@mail.com,efectivo,Pizza Congelada Muzzarella,Limpieza,4286,Uma Medina,uma.medina@mail.com,Villa Maria,2023-01-06,2
33,100,Trapo de Piso,1,4854,4854,2024-02-13,6,Uma Medina,uma.medina@mail.com,efectivo,Trapo de Piso,Limpieza,4854,Uma Medina,uma.medina@mail.com,Villa Maria,2023-01-06,2
33,91,Desodorante Aerosol,2,4690,9380,2024-02-13,6,Uma Medina,uma.medina@mail.com,efectivo,Desodorante Aerosol,Alimentos,4690,Uma Medina,uma.medina@mail.com,Villa Maria,2023-01-06,2
34,10,Yerba Mate Intensa 1kg,1,4883,4883,2024-01-13,58,Karina Acosta,karina.acosta2@mail.com,transferencia,Yerba Mate Intensa 1kg,Limpieza,4883,Karina Acosta,karina.acosta2@mail.com,Rio Cuarto,2023-02-27,1
34,32,Chocolate Amargo 100g,5,2234,11170,2024-01-13,58,Karina Acosta,karina.acosta2@mail.com,transferencia,Chocolate Amargo 100g,Limpieza,2234,Karina Acosta,karina.acosta2@mail.com,Rio Cuarto,2023-02-27,1
35,93,Cepillo de Dientes,3,2142,6426,2024-05-30,61,Guadalupe Martinez,guadalupe.martinez@mail.com,efectivo,Cepillo de Dientes,Alimentos,2142,Guadalupe Martinez,guadalupe.martinez@mail.com,Rio Cuarto,2023-03-02,5
35,80,Helado de Frutilla 1L,2,1981,3962,2024-05-30,61,Guadalupe Martinez,guadalupe.martinez@mail.com,efectivo,Helado de Frutilla 1L,Limpieza,1981,Guadalupe Martinez,guadalupe.martinez@mail.com,Rio Cuarto,2023-03-02,5
35,88,Caldo Concentrado Carne,5,2570,12850,2024-05-30,61,Guadalupe Martinez,guadalupe.martinez@mail.com,efectivo,Caldo Concentrado Carne,Limpieza,2570,Guadalupe Martinez,guadalupe.martinez@mail.com,Rio Cuarto,2023-03-02,5
36,50,Azúcar 1kg,4,727,2908,2024-06-25,5,Agustina Flores,agustina.flores@mail.com,tarjeta,Azúcar 1kg,Limpieza,727,Agustina Flores,agustina.flores@mail.com,Cordoba,2023-01-05,6
36,48,Porotos Negros 500g,2,4462,8924,2024-06-25,5,Agustina Flores,agustina.flores@mail.com,tarjeta,Porotos Negros 500g,Limpieza,4462,Agustina Flores,agustina.flores@mail.com,Cordoba,2023-01-05,6
37,18,Queso Rallado 150g,3,3444,10332,2024-05-17,57,Julian Acosta,julian.acosta@mail.com,qr,Queso Rallado 150g,Limpieza,3444,Julian Acosta,julian.acosta@mail.com,Rio Cuarto,2023-02-26,5
38,62,Stevia 100 sobres,5,3848,19240,2024-05-29,56,Bruno Diaz,bruno.diaz@mail.com,tarjeta,Stevia 100 sobres,Limpieza,3848,Bruno Diaz,bruno.diaz@mail.com,Rio Cuarto,2023-02-25,5
38,14,Leche Entera 1L,3,1723,5169,2024-05-29,56,Bruno Diaz,bruno.diaz@mail.com,tarjeta,Leche Entera 1L,Limpieza,1723,Bruno Diaz,bruno.diaz@mail.com,Rio Cuarto,2023-02-25,5
38,65,Cerveza Rubia 1L,5,2423,12115,2024-05-29,56,Bruno Diaz,bruno.diaz@mail.com,tarjeta,Cerveza Rubia 1L,Alimentos,2423,Bruno Diaz,bruno.diaz@mail.com,Rio Cuarto,2023-02-25,5
38,5,Agua Mineral 500ml,3,4777,14331,2024-05-29,56,Bruno Diaz,bruno.diaz@mail.com,tarjeta,Agua Mineral 500ml,Alimentos,4777,Bruno Diaz,bruno.diaz@mail.com,Rio Cuarto,2023-02-25,5
39,44,Arroz Largo Fino 1kg,4,2979,11916,2024-03-05,5,Agustina Flores,agustina.flores@mail.com,efectivo,Arroz Largo Fino 1kg,Limpieza,2979,Agustina Flores,agustina.flores@mail.com,Cordoba,2023-01-05,3
39,22,Medialunas de Manteca,2,2069,4138,2024-03-05,5,Agustina Flores,agustina.flores@mail.com,efectivo,Medialunas de Manteca,Limpieza,2069,Agustina Flores,agustina.flores@mail.com,Cordoba,2023-01-05,3
39,58,Caramelos Masticables,4,4752,19008,2024-03-05,5,Agustina Flores,agustina.flores@mail.com,efectivo,Caramelos Masticables,Limpieza,4752,Agustina Flores,agustina.flores@mail.com,Cordoba,2023-01-05,3
39,81,Aceitunas Verdes 200g,4,2520,10080,2024-03-05,5,Agustina Flores,agustina.flores@mail.com,efectivo,Aceitunas Verdes 200g,Alimentos,2520,Agustina Flores,agustina.flores@mail.com,Cordoba,2023-01-05,3
40,44,Arroz Largo Fino 1kg,2,2979,5958,2024-05-13,15,Tomas Ruiz,tomas.ruiz@mail.com,efectivo,Arroz Largo Fino 1kg,Limpieza,2979,Tomas Ruiz,tomas.ruiz@mail.com,Cordoba,2023-01-15,5
41,51,Sal Fina 500g,1,1745,1745,2024-03-08,29,Diego Fernandez,diego.fernandez@mail.com,tarjeta,Sal Fina 500g,Alimentos,1745,Diego Fernandez,diego.fernandez@mail.com,Alta Gracia,2023-01-29,3
41,15,Leche Descremada 1L,1,2538,2538,2024-03-08,29,Diego Fernandez,diego.fernandez@mail.com,tarjeta,Leche Descremada 1L,Alimentos,2538,Diego Fernandez,diego.fernandez@mail.com,Alta Gracia,2023-01-29,3
42,47,Garbanzos 500g,3,2939,8817,2024-04-18,12,Gael Gomez,gael.gomez@mail.com,tarjeta,Garbanzos 500g,Alimentos,2939,Gael Gomez,gael.gomez@mail.com,Alta Gracia,2023-01-12,4
42,29,Papas Fritas Onduladas 100g,1,1868,1868,2024-04-18,12,Gael Gomez,gael.gomez@mail.com,tarjeta,Papas Fritas Onduladas 100g,Alimentos,1868,Gael Gomez,gael.gomez@mail.com,Alta Gracia,2023-01-12,4
42,73,Gin 700ml,3,1561,4683,2024-04-18,12,Gael Gomez,gael.gomez@mail.com,tarjeta,Gin 700ml,Alimentos,1561,Gael Gomez,gael.gomez@mail.com,Alta Gracia,2023-01-12,4
43,1,Coca Cola 1.5L,5,2347,11735,2024-02-18,23,Helena Fernandez,helena.fernandez@mail.com,efectivo,Coca Cola 1.5L,Alimentos,2347,Helena Fernandez,helena.fernandez@mail.com,Rio Cuarto,2023-01-23,2
43,49,Harina de Trigo 1kg,2,2512,5024,2024-02-18,23,Helena Fernandez,helena.fernandez@mail.com,efectivo,Harina de Trigo 1kg,Alimentos,2512,Helena Fernandez,helena.fernandez@mail.com,Rio Cuarto,2023-01-23,2
43,66,Cerveza Negra 1L,2,1533,3066,2024-02-18,23,Helena Fernandez,helena.fernandez@mail.com,efectivo,Cerveza Negra 1L,Limpieza,1533,Helena Fernandez,helena.fernandez@mail.com,Rio Cuarto,2023-01-23,2
44,48,Porotos Negros 500g,1,4462,4462,2024-02-21,21,Elena Rodriguez,elena.rodriguez@mail.com,efectivo,Porotos Negros 500g,Limpieza,4462,Elena Rodriguez,elena.rodriguez@mail.com,Alta Gracia,2023-01-21,2
44,47,Garbanzos 500g,2,2939,5878,2024-02-21,21,Elena Rodriguez,elena.rodriguez@mail.com,efectivo,Garbanzos 500g,Alimentos,2939,Elena Rodriguez,elena.rodriguez@mail.com,Alta Gracia,2023-01-21,2
44,100,Trapo de Piso,2,4854,9708,2024-02-21,21,Elena Rodriguez,elena.rodriguez@mail.com,efectivo,Trapo de Piso,Limpieza,4854,Elena Rodriguez,elena.rodriguez@mail.com,Alta Gracia,2023-01-21,2
45,12,Té Negro 20 saquitos,2,570,1140,2024-01-19,15,Tomas Ruiz,tomas.ruiz@mail.com,efectivo,Té Negro 20 saquitos,Limpieza,570,Tomas Ruiz,tomas.ruiz@mail.com,Cordoba,2023-01-15,1
45,18,Queso Rallado 150g,2,3444,6888,2024-01-19,15,Tomas Ruiz,tomas.ruiz@mail.com,efectivo,Queso Rallado 150g,Limpieza,3444,Tomas Ruiz,tomas.ruiz@mail.com,Cordoba,2023-01-15,1
45,87,Sopa Instantánea Pollo,4,1679,6716,2024-01-19,15,Tomas Ruiz,tomas.ruiz@mail.com,efectivo,Sopa Instantánea Pollo,Alimentos,1679,Tomas Ruiz,tomas.ruiz@mail.com,Cordoba,2023-01-15,1
45,98,Desengrasante 500ml,1,2843,2843,2024-01-19,15,Tomas Ruiz,tomas.ruiz@mail.com,efectivo,Desengrasante 500ml,Limpieza,2843,Tomas Ruiz,tomas.ruiz@mail.com,Cordoba,2023-01-15,1
45,52,Detergente Líquido 750ml,2,2582,5164,2024-01-19,15,Tomas Ruiz,tomas.ruiz@mail.com,efectivo,Detergente Líquido 750ml,Limpieza,2582,Tomas Ruiz,tomas.ruiz@mail.com,Cordoba,2023-01-15,1
46,21,Pan Lactal Integral,1,272,272,2024-03-25,46,Agustina Martinez,agustina.martinez@mail.com,tarjeta,Pan Lactal Integral,Alimentos,272,Agustina Martinez,agustina.martinez@mail.com,Alta Gracia,2023-02-15,3
47,43,Salsa de Tomate 500g,5,887,4435,2024-05-04,52,Diego Diaz,diego.diaz@mail.com,transferencia,Salsa de Tomate 500g,Alimentos,887,Diego Diaz,diego.diaz@mail.com,Rio Cuarto,2023-02-21,5
47,6,Jugo de Naranja 1L,3,4170,12510,2024-05-04,52,Diego Diaz,diego.diaz@mail.com,transferencia,Jugo de Naranja 1L,Limpieza,4170,Diego Diaz,diego.diaz@mail.com,Rio Cuarto,2023-02-21,5
48,70,Fernet 750ml,1,4061,4061,2024-01-26,84,Pablo Sanchez,pablo.sanchez@mail.com,qr,Fernet 750ml,Limpieza,4061,Pablo Sanchez,pablo.sanchez@mail.com,Cordoba,2023-03-25,1
48,54,Jabón de Tocador,5,1592,7960,2024-01-26,84,Pablo Sanchez,pablo.sanchez@mail.com,qr,Jabón de Tocador,Limpieza,1592,Pablo Sanchez,pablo.sanchez@mail.com,Cordoba,2023-03-25,1
48,57,Servilletas x100,4,4520,18080,2024-01-26,84,Pablo Sanchez,pablo.sanchez@mail.com,qr,Servilletas x100,Alimentos,4520,Pablo Sanchez,pablo.sanchez@mail.com,Cordoba,2023-03-25,1
49,59,Chicle Menta,2,3612,7224,2024-06-02,5,Agustina Flores,agustina.flores@mail.com,efectivo,Chicle Menta,Alimentos,3612,Agustina Flores,agustina.flores@mail.com,Cordoba,2023-01-05,6
49,21,Pan Lactal Integral,4,272,1088,2024-06-02,5,Agustina Flores,agustina.flores@mail.com,efectivo,Pan Lactal Integral,Alimentos,272,Agustina Flores,agustina.flores@mail.com,Cordoba,2023-01-05,6
49,59,Chicle Menta,4,3612,14448,2024-06-02,5,Agustina Flores,agustina.flores@mail.com,efectivo,Chicle Menta,Alimentos,3612,Agustina Flores,agustina.flores@mail.com,Cordoba,2023-01-05,6
49,18,Queso Rallado 150g,3,3444,10332,2024-06-02,5,Agustina Flores,agustina.flores@mail.com,efectivo,Queso Rallado 150g,Limpieza,3444,Agustina Flores,agustina.flores@mail.com,Cordoba,2023-01-05,6
49,85,Jugo en Polvo Naranja,3,1856,5568,2024-06-02,5,Agustina Flores,agustina.flores@mail.com,efectivo,Jugo en Polvo Naranja,Alimentos,1856,Agustina Flores,agustina.flores@mail.com,Cordoba,2023-01-05,6
50,10,Yerba Mate Intensa 1kg,2,4883,9766,2024-01-09,8,Bruno Castro,bruno.castro@mail.com,transferencia,Yerba Mate Intensa 1kg,Limpieza,4883,Bruno Castro,bruno.castro@mail.com,Carlos Paz,2023-01-08,1
50,34,Turrón 50g,5,503,2515,2024-01-09,8,Bruno Castro,bruno.castro@mail.com,transferencia,Turrón 50g,Limpieza,503,Bruno Castro,bruno.castro@mail.com,Carlos Paz,2023-01-08,1
50,58,Caramelos Masticables,5,4752,23760,2024-01-09,8,Bruno Castro,bruno.castro@mail.com,transferencia,Caramelos Masticables,Limpieza,4752,Bruno Castro,bruno.castro@mail.com,Carlos Paz,2023-01-08,1
50,32,Chocolate Amargo 100g,3,2234,6702,2024-01-09,8,Bruno Castro,bruno.castro@mail.com,transferencia,Chocolate Amargo 100g,Limpieza,2234,Bruno Castro,bruno.castro@mail.com,Carlos Paz,2023-01-08,1
50,91,Desodorante Aerosol,4,4690,18760,2024-01-09,8,Bruno Castro,bruno.castro@mail.com,transferencia,Desodorante Aerosol,Alimentos,4690,Bruno Castro,bruno.castro@mail.com,Carlos Paz,2023-01-08,1
51,31,Mix de Frutos Secos 200g,1,3409,3409,2024-02-18,39,Santiago Diaz,santiago.diaz@mail.com,efectivo,Mix de Frutos Secos 200g,Alimentos,3409,Santiago Diaz,santiago.diaz@mail.com,Alta Gracia,2023-02-08,2
52,83,Queso Untable 190g,2,1830,3660,2024-05-10,5,Agustina Flores,agustina.flores@mail.com,tarjeta,Queso Untable 190g,Alimentos,1830,Agustina Flores,agustina.flores@mail.com,Cordoba,2023-01-05,5
52,9,Yerba Mate Suave 1kg,4,3878,15512,2024-05-10,5,Agustina Flores,agustina.flores@mail.com,tarjeta,Yerba Mate Suave 1kg,Alimentos,3878,Agustina Flores,agustina.flores@mail.com,Cordoba,2023-01-05,5
52,81,Aceitunas Verdes 200g,5,2520,12600,2024-05-10,5,Agustina Flores,agustina.flores@mail.com,tarjeta,Aceitunas Verdes 200g,Alimentos,2520,Agustina Flores,agustina.flores@mail.com,Cordoba,2023-01-05,5
52,38,Mermelada de Frutilla 400g,3,1584,4752,2024-05-10,5,Agustina Flores,agustina.flores@mail.com,tarjeta,Mermelada de Frutilla 400g,Limpieza,1584,Agustina Flores,agustina.flores@mail.com,Cordoba,2023-01-05,5
53,28,Papas Fritas Clásicas 100g,1,936,936,2024-01-25,56,Bruno Diaz,bruno.diaz@mail.com,tarjeta,Papas Fritas Clásicas 100g,Limpieza,936,Bruno Diaz,bruno.diaz@mail.com,Rio Cuarto,2023-02-25,1
54,65,Cerveza Rubia 1L,1,2423,2423,2024-03-26,1,Mariana Lopez,mariana.lopez@mail.com,tarjeta,Cerveza Rubia 1L,Alimentos,2423,Mariana Lopez,mariana.lopez@mail.com,Carlos Paz,2023-01-01,3
54,18,Queso Rallado 150g,2,3444,6888,2024-03-26,1,Mariana Lopez,mariana.lopez@mail.com,tarjeta,Queso Rallado 150g,Limpieza,3444,Mariana Lopez,mariana.lopez@mail.com,Carlos Paz,2023-01-01,3
54,91,Desodorante Aerosol,3,4690,14070,2024-03-26,1,Mariana Lopez,mariana.lopez@mail.com,tarjeta,Desodorante Aerosol,Alimentos,4690,Mariana Lopez,mariana.lopez@mail.com,Carlos Paz,2023-01-01,3
54,8,Energética Nitro 500ml,3,4218,12654,2024-03-26,1,Mariana Lopez,mariana.lopez@mail.com,tarjeta,Energética Nitro 500ml,Limpieza,4218,Mariana Lopez,mariana.lopez@mail.com,Carlos Paz,2023-01-01,3
55,39,Helado Vainilla 1L,4,469,1876,2024-01-04,100,Agustina Lopez,agustina.lopez@mail.com,qr,Helado Vainilla 1L,Alimentos,469,Agustina Lopez,agustina.lopez@mail.com,Cordoba,2023-04-10,1
56,18,Queso Rallado 150g,5,3444,17220,2024-06-14,15,Tomas Ruiz,tomas.ruiz@mail.com,qr,Queso Rallado 150g,Limpieza,3444,Tomas Ruiz,tomas.ruiz@mail.com,Cordoba,2023-01-15,6
57,31,Mix de Frutos Secos 200g,3,3409,10227,2024-01-10,34,Bruno Castro,bruno.castro2@mail.com,efectivo,Mix de Frutos Secos 200g,Alimentos,3409,Bruno Castro,bruno.castro2@mail.com,Villa Maria,2023-02-03,1
57,41,Aceite de Girasol 1L,4,860,3440,2024-01-10,34,Bruno Castro,bruno.castro2@mail.com,efectivo,Aceite de Girasol 1L,Alimentos,860,Bruno Castro,bruno.castro2@mail.com,Villa Maria,2023-02-03,1
57,9,Yerba Mate Suave 1kg,5,3878,19390,2024-01-10,34,Bruno Castro,bruno.castro2@mail.com,efectivo,Yerba Mate Suave 1kg,Alimentos,3878,Bruno Castro,bruno.castro2@mail.com,Villa Maria,2023-02-03,1
57,76,Pizza Congelada Muzzarella,3,4286,12858,2024-01-10,34,Bruno Castro,bruno.castro2@mail.com,efectivo,Pizza Congelada Muzzarella,Limpieza,4286,Bruno Castro,bruno.castro2@mail.com,Villa Maria,2023-02-03,1
57,98,Desengrasante 500ml,4,2843,11372,2024-01-10,34,Bruno Castro,bruno.castro2@mail.com,efectivo,Desengrasante 500ml,Limpieza,2843,Bruno Castro,bruno.castro2@mail.com,Villa Maria,2023-02-03,1
58,43,Salsa de Tomate 500g,2,887,1774,2024-02-04,48,Rocio Alvarez,rocio.alvarez@mail.com,transferencia,Salsa de Tomate 500g,Alimentos,887,Rocio Alvarez,rocio.alvarez@mail.com,Cordoba,2023-02-17,2
58,11,Café Molido 250g,1,2053,2053,2024-02-04,48,Rocio Alvarez,rocio.alvarez@mail.com,transferencia,Café Molido 250g,Alimentos,2053,Rocio Alvarez,rocio.alvarez@mail.com,Cordoba,2023-02-17,2
59,31,Mix de Frutos Secos 200g,1,3409,3409,2024-04-28,62,Guadalupe Romero,guadalupe.romero@mail.com,tarjeta,Mix de Frutos Secos 200g,Alimentos,3409,Guadalupe Romero,guadalupe.romero@mail.com,Carlos Paz,2023-03-03,4
59,8,Energética Nitro 500ml,2,4218,8436,2024-04-28,62,Guadalupe Romero,guadalupe.romero@mail.com,tarjeta,Energética Nitro 500ml,Limpieza,4218,Guadalupe Romero,guadalupe.romero@mail.com,Carlos Paz,2023-03-03,4
59,97,Limpiavidrios 500ml,5,872,4360,2024-04-28,62,Guadalupe Romero,guadalupe.romero@mail.com,tarjeta,Limpiavidrios 500ml,Alimentos,872,Guadalupe Romero,guadalupe.romero@mail.com,Carlos Paz,2023-03-03,4
60,43,Salsa de Tomate 500g,1,887,887,2024-04-04,81,Camila Ruiz,camila.ruiz@mail.com,transferencia,Salsa de Tomate 500g,Alimentos,887,Camila Ruiz,camila.ruiz@mail.com,Carlos Paz,2023-03-22,4
60,98,Desengrasante 500ml,3,2843,8529,2024-04-04,81,Camila Ruiz,camila.ruiz@mail.com,transferencia,Desengrasante 500ml,Limpieza,2843,Camila Ruiz,camila.ruiz@mail.com,Carlos Paz,2023-03-22,4
60,15,Leche Descremada 1L,1,2538,2538,2024-04-04,81,Camila Ruiz,camila.ruiz@mail.com,transferencia,Leche Descremada 1L,Alimentos,2538,Camila Ruiz,camila.ruiz@mail.com,Carlos Paz,2023-03-22,4
60,21,Pan Lactal Integral,2,272,544,2024-04-04,81,Camila Ruiz,camila.ruiz@mail.com,transferencia,Pan Lactal Integral,Alimentos,272,Camila Ruiz,camila.ruiz@mail.com,Carlos Paz,2023-03-22,4
60,91,Desodorante Aerosol,4,4690,18760,2024-04-04,81,Camila Ruiz,camila.ruiz@mail.com,transferencia,Desodorante Aerosol,Alimentos,4690,Camila Ruiz,camila.ruiz@mail.com,Carlos Paz,2023-03-22,4
61,9,Yerba Mate Suave 1kg,3,3878,11634,2024-06-01,27,Tomas Castro,tomas.castro@mail.com,efectivo,Yerba Mate Suave 1kg,Alimentos,3878,Tomas Castro,tomas.castro@mail.com,Rio Cuarto,2023-01-27,6
61,19,Manteca 200g,3,3251,9753,2024-06-01,27,Tomas Castro,tomas.castro@mail.com,efectivo,Manteca 200g,Alimentos,3251,Tomas Castro,tomas.castro@mail.com,Rio Cuarto,2023-01-27,6
62,47,Garbanzos 500g,4,2939,11756,2024-05-01,100,Agustina Lopez,agustina.lopez@mail.com,transferencia,Garbanzos 500g,Alimentos,2939,Agustina Lopez,agustina.lopez@mail.com,Cordoba,2023-04-10,5
62,95,Mascarilla Capilar,3,1581,4743,2024-05-01,100,Agustina Lopez,agustina.lopez@mail.com,transferencia,Mascarilla Capilar,Alimentos,1581,Agustina Lopez,agustina.lopez@mail.com,Cordoba,2023-04-10,5
63,8,Energética Nitro 500ml,5,4218,21090,2024-06-19,25,Karina Castro,karina.castro@mail.com,tarjeta,Energética Nitro 500ml,Limpieza,4218,Karina Castro,karina.castro@mail.com,Rio Cuarto,2023-01-25,6
63,2,Pepsi 1.5L,2,4973,9946,2024-06-19,25,Karina Castro,karina.castro@mail.com,tarjeta,Pepsi 1.5L,Limpieza,4973,Karina Castro,karina.castro@mail.com,Rio Cuarto,2023-01-25,6
63,70,Fernet 750ml,3,4061,12183,2024-06-19,25,Karina Castro,karina.castro@mail.com,tarjeta,Fernet 750ml,Limpieza,4061,Karina Castro,karina.castro@mail.com,Rio Cuarto,2023-01-25,6
63,45,Fideos Spaghetti 500g,4,745,2980,2024-06-19,25,Karina Castro,karina.castro@mail.com,tarjeta,Fideos Spaghetti 500g,Alimentos,745,Karina Castro,karina.castro@mail.com,Rio Cuarto,2023-01-25,6
64,4,Fanta Naranja 1.5L,2,2033,4066,2024-03-07,58,Karina Acosta,karina.acosta2@mail.com,qr,Fanta Naranja 1.5L,Limpieza,2033,Karina Acosta,karina.acosta2@mail.com,Rio Cuarto,2023-02-27,3
64,41,Aceite de Girasol 1L,2,860,1720,2024-03-07,58,Karina Acosta,karina.acosta2@mail.com,qr,Aceite de Girasol 1L,Alimentos,860,Karina Acosta,karina.acosta2@mail.com,Rio Cuarto,2023-02-27,3
65,77,Empanadas Congeladas,4,4778,19112,2024-04-30,30,Ivana Medina,ivana.medina@mail.com,qr,Empanadas Congeladas,Alimentos,4778,Ivana Medina,ivana.medina@mail.com,Alta Gracia,2023-01-30,4
65,22,Medialunas de Manteca,3,2069,6207,2024-04-30,30,Ivana Medina,ivana.medina@mail.com,qr,Medialunas de Manteca,Limpieza,2069,Ivana Medina,ivana.medina@mail.com,Alta Gracia,2023-01-30,4
65,38,Mermelada de Frutilla 400g,5,1584,7920,2024-04-30,30,Ivana Medina,ivana.medina@mail.com,qr,Mermelada de Frutilla 400g,Limpieza,1584,Ivana Medina,ivana.medina@mail.com,Alta Gracia,2023-01-30,4
65,36,Dulce de Leche 400g,4,2559,10236,2024-04-30,30,Ivana Medina,ivana.medina@mail.com,qr,Dulce de Leche 400g,Limpieza,2559,Ivana Medina,ivana.medina@mail.com,Alta Gracia,2023-01-30,4
66,16,Yogur Natural 200g,3,4613,13839,2024-03-14,69,Felipe Flores,felipe.flores@mail.com,qr,Yogur Natural 200g,Limpieza,4613,Felipe Flores,felipe.flores@mail.com,Rio Cuarto,2023-03-10,3
67,53,Lavandina 1L,1,1664,1664,2024-03-21,66,Tomas Herrera,tomas.herrera@mail.com,efectivo,Lavandina 1L,Alimentos,1664,Tomas Herrera,tomas.herrera@mail.com,Villa Maria,2023-03-07,3
67,8,Energética Nitro 500ml,2,4218,8436,2024-03-21,66,Tomas Herrera,tomas.herrera@mail.com,efectivo,Energética Nitro 500ml,Limpieza,4218,Tomas Herrera,tomas.herrera@mail.com,Villa Maria,2023-03-07,3
68,94,Hilo Dental,4,1418,5672,2024-06-28,27,Tomas Castro,tomas.castro@mail.com,qr,Hilo Dental,Limpieza,1418,Tomas Castro,tomas.castro@mail.com,Rio Cuarto,2023-01-27,6
69,76,Pizza Congelada Muzzarella,4,4286,17144,2024-01-06,42,Tomas Flores,tomas.flores@mail.com,qr,Pizza Congelada Muzzarella,Limpieza,4286,Tomas Flores,tomas.flores@mail.com,Alta Gracia,2023-02-11,1
69,74,Whisky 750ml,3,2953,8859,2024-01-06,42,Tomas Flores,tomas.flores@mail.com,qr,Whisky 750ml,Limpieza,2953,Tomas Flores,tomas.flores@mail.com,Alta Gracia,2023-02-11,1
70,66,Cerveza Negra 1L,3,1533,4599,2024-02-02,41,Elena Rodriguez,elena.rodriguez2@mail.com,transferencia,Cerveza Negra 1L,Limpieza,1533,Elena Rodriguez,elena.rodriguez2@mail.com,Alta Gracia,2023-02-10,2
70,89,Caldo Concentrado Verdura,4,1003,4012,2024-02-02,41,Elena Rodriguez,elena.rodriguez2@mail.com,transferencia,Caldo Concentrado Verdura,Alimentos,1003,Elena Rodriguez,elena.rodriguez2@mail.com,Alta Gracia,2023-02-10,2
70,38,Mermelada de Frutilla 400g,3,1584,4752,2024-02-02,41,Elena Rodriguez,elena.rodriguez2@mail.com,transferencia,Mermelada de Frutilla 400g,Limpieza,1584,Elena Rodriguez,elena.rodriguez2@mail.com,Alta Gracia,2023-02-10,2
71,11,Café Molido 250g,3,2053,6159,2024-06-02,40,Felipe Diaz,felipe.diaz@mail.com,qr,Café Molido 250g,Alimentos,2053,Felipe Diaz,felipe.diaz@mail.com,Rio Cuarto,2023-02-09,6
71,79,Hamburguesas Congeladas x4,4,2420,9680,2024-06-02,40,Felipe Diaz,felipe.diaz@mail.com,qr,Hamburguesas Congeladas x4,Alimentos,2420,Felipe Diaz,felipe.diaz@mail.com,Rio Cuarto,2023-02-09,6
71,100,Trapo de Piso,4,4854,19416,2024-06-02,40,Felipe Diaz,felipe.diaz@mail.com,qr,Trapo de Piso,Limpieza,4854,Felipe Diaz,felipe.diaz@mail.com,Rio Cuarto,2023-02-09,6
71,92,Crema Dental 90g,1,2512,2512,2024-06-02,40,Felipe Diaz,felipe.diaz@mail.com,qr,Crema Dental 90g,Limpieza,2512,Felipe Diaz,felipe.diaz@mail.com,Rio Cuarto,2023-02-09,6
72,94,Hilo Dental,3,1418,4254,2024-02-17,26,Camila Sanchez,camila.sanchez@mail.com,qr,Hilo Dental,Limpieza,1418,Camila Sanchez,camila.sanchez@mail.com,Alta Gracia,2023-01-26,2
72,41,Aceite de Girasol 1L,4,860,3440,2024-02-17,26,Camila Sanchez,camila.sanchez@mail.com,qr,Aceite de Girasol 1L,Alimentos,860,Camila Sanchez,camila.sanchez@mail.com,Alta Gracia,2023-01-26,2
72,51,Sal Fina 500g,2,1745,3490,2024-02-17,26,Camila Sanchez,camila.sanchez@mail.com,qr,Sal Fina 500g,Alimentos,1745,Camila Sanchez,camila.sanchez@mail.com,Alta Gracia,2023-01-26,2
73,28,Papas Fritas Clásicas 100g,1,936,936,2024-05-16,42,Tomas Flores,tomas.flores@mail.com,transferencia,Papas Fritas Clásicas 100g,Limpieza,936,Tomas Flores,tomas.flores@mail.com,Alta Gracia,2023-02-11,5
73,24,Galletitas Chocolate,3,1305,3915,2024-05-16,42,Tomas Flores,tomas.flores@mail.com,transferencia,Galletitas Chocolate,Limpieza,1305,Tomas Flores,tomas.flores@mail.com,Alta Gracia,2023-02-11,5
73,19,Manteca 200g,1,3251,3251,2024-05-16,42,Tomas Flores,tomas.flores@mail.com,transferencia,Manteca 200g,Alimentos,3251,Tomas Flores,tomas.flores@mail.com,Alta Gracia,2023-02-11,5
74,32,Chocolate Amargo 100g,3,2234,6702,2024-04-26,56,Bruno Diaz,bruno.diaz@mail.com,efectivo,Chocolate Amargo 100g,Limpieza,2234,Bruno Diaz,bruno.diaz@mail.com,Rio Cuarto,2023-02-25,4
74,14,Leche Entera 1L,2,1723,3446,2024-04-26,56,Bruno Diaz,bruno.diaz@mail.com,efectivo,Leche Entera 1L,Limpieza,1723,Bruno Diaz,bruno.diaz@mail.com,Rio Cuarto,2023-02-25,4
74,55,Shampoo 400ml,2,1407,2814,2024-04-26,56,Bruno Diaz,bruno.diaz@mail.com,efectivo,Shampoo 400ml,Alimentos,1407,Bruno Diaz,bruno.diaz@mail.com,Rio Cuarto,2023-02-25,4
75,3,Sprite 1.5L,4,4964,19856,2024-05-23,61,Guadalupe Martinez,guadalupe.martinez@mail.com,qr,Sprite 1.5L,Alimentos,4964,Guadalupe Martinez,guadalupe.martinez@mail.com,Rio Cuarto,2023-03-02,5
75,2,Pepsi 1.5L,5,4973,24865,2024-05-23,61,Guadalupe Martinez,guadalupe.martinez@mail.com,qr,Pepsi 1.5L,Limpieza,4973,Guadalupe Martinez,guadalupe.martinez@mail.com,Rio Cuarto,2023-03-02,5
76,22,Medialunas de Manteca,4,2069,8276,2024-05-15,75,Santiago Castro,santiago.castro@mail.com,tarjeta,Medialunas de Manteca,Limpieza,2069,Santiago Castro,santiago.castro@mail.com,Rio Cuarto,2023-03-16,5
76,23,Bizcochos Salados,4,2380,9520,2024-05-15,75,Santiago Castro,santiago.castro@mail.com,tarjeta,Bizcochos Salados,Alimentos,2380,Santiago Castro,santiago.castro@mail.com,Rio Cuarto,2023-03-16,5
76,24,Galletitas Chocolate,1,1305,1305,2024-05-15,75,Santiago Castro,santiago.castro@mail.com,tarjeta,Galletitas Chocolate,Limpieza,1305,Santiago Castro,santiago.castro@mail.com,Rio Cuarto,2023-03-16,5
76,11,Café Molido 250g,2,2053,4106,2024-05-15,75,Santiago Castro,santiago.castro@mail.com,tarjeta,Café Molido 250g,Alimentos,2053,Santiago Castro,santiago.castro@mail.com,Rio Cuarto,2023-03-16,5
77,53,Lavandina 1L,2,1664,3328,2024-05-26,55,Olivia Ruiz,olivia.ruiz@mail.com,tarjeta,Lavandina 1L,Alimentos,1664,Olivia Ruiz,olivia.ruiz@mail.com,Mendiolaza,2023-02-24,5
77,41,Aceite de Girasol 1L,1,860,860,2024-05-26,55,Olivia Ruiz,olivia.ruiz@mail.com,tarjeta,Aceite de Girasol 1L,Alimentos,860,Olivia Ruiz,olivia.ruiz@mail.com,Mendiolaza,2023-02-24,5
77,34,Turrón 50g,5,503,2515,2024-05-26,55,Olivia Ruiz,olivia.ruiz@mail.com,tarjeta,Turrón 50g,Limpieza,503,Olivia Ruiz,olivia.ruiz@mail.com,Mendiolaza,2023-02-24,5
77,98,Desengrasante 500ml,2,2843,5686,2024-05-26,55,Olivia Ruiz,olivia.ruiz@mail.com,tarjeta,Desengrasante 500ml,Limpieza,2843,Olivia Ruiz,olivia.ruiz@mail.com,Mendiolaza,2023-02-24,5
77,39,Helado Vainilla 1L,2,469,938,2024-05-26,55,Olivia Ruiz,olivia.ruiz@mail.com,tarjeta,Helado Vainilla 1L,Alimentos,469,Olivia Ruiz,olivia.ruiz@mail.com,Mendiolaza,2023-02-24,5
78,37,Mermelada de Durazno 400g,3,3196,9588,2024-04-29,12,Gael Gomez,gael.gomez@mail.com,qr,Mermelada de Durazno 400g,Alimentos,3196,Gael Gomez,gael.gomez@mail.com,Alta Gracia,2023-01-12,4
78,79,Hamburguesas Congeladas x4,5,2420,12100,2024-04-29,12,Gael Gomez,gael.gomez@mail.com,qr,Hamburguesas Congeladas x4,Alimentos,2420,Gael Gomez,gael.gomez@mail.com,Alta Gracia,2023-01-12,4
78,17,Queso Cremoso 500g,2,4834,9668,2024-04-29,12,Gael Gomez,gael.gomez@mail.com,qr,Queso Cremoso 500g,Alimentos,4834,Gael Gomez,gael.gomez@mail.com,Alta Gracia,2023-01-12,4
78,85,Jugo en Polvo Naranja,1,1856,1856,2024-04-29,12,Gael Gomez,gael.gomez@mail.com,qr,Jugo en Polvo Naranja,Alimentos,1856,Gael Gomez,gael.gomez@mail.com,Alta Gracia,2023-01-12,4
78,39,Helado Vainilla 1L,2,469,938,2024-04-29,12,Gael Gomez,gael.gomez@mail.com,qr,Helado Vainilla 1L,Alimentos,469,Gael Gomez,gael.gomez@mail.com,Alta Gracia,2023-01-12,4
79,81,Aceitunas Verdes 200g,2,2520,5040,2024-06-06,57,Julian Acosta,julian.acosta@mail.com,qr,Aceitunas Verdes 200g,Alimentos,2520,Julian Acosta,julian.acosta@mail.com,Rio Cuarto,2023-02-26,6
79,56,Papel Higiénico x4,2,2532,5064,2024-06-06,57,Julian Acosta,julian.acosta@mail.com,qr,Papel Higiénico x4,Limpieza,2532,Julian Acosta,julian.acosta@mail.com,Rio Cuarto,2023-02-26,6
80,39,Helado Vainilla 1L,5,469,2345,2024-03-25,54,Uma Herrera,uma.herrera@mail.com,efectivo,Helado Vainilla 1L,Alimentos,469,Uma Herrera,uma.herrera@mail.com,Alta Gracia,2023-02-23,3
80,30,Maní Salado 200g,3,4875,14625,2024-03-25,54,Uma Herrera,uma.herrera@mail.com,efectivo,Maní Salado 200g,Limpieza,4875,Uma Herrera,uma.herrera@mail.com,Alta Gracia,2023-02-23,3
80,41,Aceite de Girasol 1L,5,860,4300,2024-03-25,54,Uma Herrera,uma.herrera@mail.com,efectivo,Aceite de Girasol 1L,Alimentos,860,Uma Herrera,uma.herrera@mail.com,Alta Gracia,2023-02-23,3
81,10,Yerba Mate Intensa 1kg,2,4883,9766,2024-03-09,49,Olivia Gomez,olivia.gomez@mail.com,transferencia,Yerba Mate Intensa 1kg,Limpieza,4883,Olivia Gomez,olivia.gomez@mail.com,Rio Cuarto,2023-02-18,3
82,38,Mermelada de Frutilla 400g,1,1584,1584,2024-01-25,19,Uma Silva,uma.silva@mail.com,tarjeta,Mermelada de Frutilla 400g,Limpieza,1584,Uma Silva,uma.silva@mail.com,Mendiolaza,2023-01-19,1
82,28,Papas Fritas Clásicas 100g,2,936,1872,2024-01-25,19,Uma Silva,uma.silva@mail.com,tarjeta,Papas Fritas Clásicas 100g,Limpieza,936,Uma Silva,uma.silva@mail.com,Mendiolaza,2023-01-19,1
82,29,Papas Fritas Onduladas 100g,5,1868,9340,2024-01-25,19,Uma Silva,uma.silva@mail.com,tarjeta,Papas Fritas Onduladas 100g,Alimentos,1868,Uma Silva,uma.silva@mail.com,Mendiolaza,2023-01-19,1
82,82,Aceitunas Negras 200g,2,2394,4788,2024-01-25,19,Uma Silva,uma.silva@mail.com,tarjeta,Aceitunas Negras 200g,Limpieza,2394,Uma Silva,uma.silva@mail.com,Mendiolaza,2023-01-19,1
83,5,Agua Mineral 500ml,2,4777,9554,2024-05-28,91,Uma Sanchez,uma.sanchez@mail.com,efectivo,Agua Mineral 500ml,Alimentos,4777,Uma Sanchez,uma.sanchez@mail.com,Mendiolaza,2023-04-01,5
83,26,Alfajor Triple,2,1001,2002,2024-05-28,91,Uma Sanchez,uma.sanchez@mail.com,efectivo,Alfajor Triple,Limpieza,1001,Uma Sanchez,uma.sanchez@mail.com,Mendiolaza,2023-04-01,5
83,73,Gin 700ml,5,1561,7805,2024-05-28,91,Uma Sanchez,uma.sanchez@mail.com,efectivo,Gin 700ml,Alimentos,1561,Uma Sanchez,uma.sanchez@mail.com,Mendiolaza,2023-04-01,5
83,51,Sal Fina 500g,2,1745,3490,2024-05-28,91,Uma Sanchez,uma.sanchez@mail.com,efectivo,Sal Fina 500g,Alimentos,1745,Uma Sanchez,uma.sanchez@mail.com,Mendiolaza,2023-04-01,5
84,83,Queso Untable 190g,5,1830,9150,2024-01-02,72,Camila Rodriguez,camila.rodriguez@mail.com,efectivo,Queso Untable 190g,Alimentos,1830,Camila Rodriguez,camila.rodriguez@mail.com,Cordoba,2023-03-13,1
84,76,Pizza Congelada Muzzarella,4,4286,17144,2024-01-02,72,Camila Rodriguez,camila.rodriguez@mail.com,efectivo,Pizza Congelada Muzzarella,Limpieza,4286,Camila Rodriguez,camila.rodriguez@mail.com,Cordoba,2023-03-13,1
85,32,Chocolate Amargo 100g,4,2234,8936,2024-01-23,42,Tomas Flores,tomas.flores@mail.com,transferencia,Chocolate Amargo 100g,Limpieza,2234,Tomas Flores,tomas.flores@mail.com,Alta Gracia,2023-02-11,1
85,80,Helado de Frutilla 1L,2,1981,3962,2024-01-23,42,Tomas Flores,tomas.flores@mail.com,transferencia,Helado de Frutilla 1L,Limpieza,1981,Tomas Flores,tomas.flores@mail.com,Alta Gracia,2023-02-11,1
86,66,Cerveza Negra 1L,2,1533,3066,2024-01-10,40,Felipe Diaz,felipe.diaz@mail.com,efectivo,Cerveza Negra 1L,Limpieza,1533,Felipe Diaz,felipe.diaz@mail.com,Rio Cuarto,2023-02-09,1
86,1,Coca Cola 1.5L,4,2347,9388,2024-01-10,40,Felipe Diaz,felipe.diaz@mail.com,efectivo,Coca Cola 1.5L,Alimentos,2347,Felipe Diaz,felipe.diaz@mail.com,Rio Cuarto,2023-02-09,1
86,13,Té Verde 20 saquitos,5,2383,11915,2024-01-10,40,Felipe Diaz,felipe.diaz@mail.com,efectivo,Té Verde 20 saquitos,Alimentos,2383,Felipe Diaz,felipe.diaz@mail.com,Rio Cuarto,2023-02-09,1
86,41,Aceite de Girasol 1L,3,860,2580,2024-01-10,40,Felipe Diaz,felipe.diaz@mail.com,efectivo,Aceite de Girasol 1L,Alimentos,860,Felipe Diaz,felipe.diaz@mail.com,Rio Cuarto,2023-02-09,1
87,53,Lavandina 1L,2,1664,3328,2024-04-20,100,Agustina Lopez,agustina.lopez@mail.com,qr,Lavandina 1L,Alimentos,1664,Agustina Lopez,agustina.lopez@mail.com,Cordoba,2023-04-10,4
87,86,Jugo en Polvo Limón,2,4090,8180,2024-04-20,100,Agustina Lopez,agustina.lopez@mail.com,qr,Jugo en Polvo Limón,Limpieza,4090,Agustina Lopez,agustina.lopez@mail.com,Cordoba,2023-04-10,4
88,7,Jugo de Manzana 1L,5,3269,16345,2024-06-21,37,Martina Perez,martina.perez@mail.com,efectivo,Jugo de Manzana 1L,Alimentos,3269,Martina Perez,martina.perez@mail.com,Mendiolaza,2023-02-06,6
88,53,Lavandina 1L,5,1664,8320,2024-06-21,37,Martina Perez,martina.perez@mail.com,efectivo,Lavandina 1L,Alimentos,1664,Martina Perez,martina.perez@mail.com,Mendiolaza,2023-02-06,6
88,8,Energética Nitro 500ml,4,4218,16872,2024-06-21,37,Martina Perez,martina.perez@mail.com,efectivo,Energética Nitro 500ml,Limpieza,4218,Martina Perez,martina.perez@mail.com,Mendiolaza,2023-02-06,6
89,72,Ron 700ml,2,3876,7752,2024-01-18,17,Pablo Gomez,pablo.gomez@mail.com,tarjeta,Ron 700ml,Limpieza,3876,Pablo Gomez,pablo.gomez@mail.com,Villa Maria,2023-01-17,1
90,79,Hamburguesas Congeladas x4,4,2420,9680,2024-01-08,46,Agustina Martinez,agustina.martinez@mail.com,qr,Hamburguesas Congeladas x4,Alimentos,2420,Agustina Martinez,agustina.martinez@mail.com,Alta Gracia,2023-02-15,1
90,6,Jugo de Naranja 1L,2,4170,8340,2024-01-08,46,Agustina Martinez,agustina.martinez@mail.com,qr,Jugo de Naranja 1L,Limpieza,4170,Agustina Martinez,agustina.martinez@mail.com,Alta Gracia,2023-02-15,1
91,57,Servilletas x100,3,4520,13560,2024-02-19,39,Santiago Diaz,santiago.diaz@mail.com,efectivo,Servilletas x100,Alimentos,4520,Santiago Diaz,santiago.diaz@mail.com,Alta Gracia,2023-02-08,2
92,10,Yerba Mate Intensa 1kg,2,4883,9766,2024-02-09,42,Tomas Flores,tomas.flores@mail.com,transferencia,Yerba Mate Intensa 1kg,Limpieza,4883,Tomas Flores,tomas.flores@mail.com,Alta Gracia,2023-02-11,2
92,43,Salsa de Tomate 500g,4,887,3548,2024-02-09,42,Tomas Flores,tomas.flores@mail.com,transferencia,Salsa de Tomate 500g,Alimentos,887,Tomas Flores,tomas.flores@mail.com,Alta Gracia,2023-02-11,2
93,80,Helado de Frutilla 1L,4,1981,7924,2024-01-29,90,Guadalupe Ruiz,guadalupe.ruiz@mail.com,efectivo,Helado de Frutilla 1L,Limpieza,1981,Guadalupe Ruiz,guadalupe.ruiz@mail.com,Rio Cuarto,2023-03-31,1
93,66,Cerveza Negra 1L,3,1533,4599,2024-01-29,90,Guadalupe Ruiz,guadalupe.ruiz@mail.com,efectivo,Cerveza Negra 1L,Limpieza,1533,Guadalupe Ruiz,guadalupe.ruiz@mail.com,Rio Cuarto,2023-03-31,1
93,91,Desodorante Aerosol,3,4690,14070,2024-01-29,90,Guadalupe Ruiz,guadalupe.ruiz@mail.com,efectivo,Desodorante Aerosol,Alimentos,4690,Guadalupe Ruiz,guadalupe.ruiz@mail.com,Rio Cuarto,2023-03-31,1
94,24,Galletitas Chocolate,1,1305,1305,2024-03-06,41,Elena Rodriguez,elena.rodriguez2@mail.com,qr,Galletitas Chocolate,Limpieza,1305,Elena Rodriguez,elena.rodriguez2@mail.com,Alta Gracia,2023-02-10,3
94,86,Jugo en Polvo Limón,5,4090,20450,2024-03-06,41,Elena Rodriguez,elena.rodriguez2@mail.com,qr,Jugo en Polvo Limón,Limpieza,4090,Elena Rodriguez,elena.rodriguez2@mail.com,Alta Gracia,2023-02-10,3
94,98,Desengrasante 500ml,2,2843,5686,2024-03-06,41,Elena Rodriguez,elena.rodriguez2@mail.com,qr,Desengrasante 500ml,Limpieza,2843,Elena Rodriguez,elena.rodriguez2@mail.com,Alta Gracia,2023-02-10,3
95,72,Ron 700ml,5,3876,19380,2024-02-25,26,Camila Sanchez,camila.sanchez@mail.com,qr,Ron 700ml,Limpieza,3876,Camila Sanchez,camila.sanchez@mail.com,Alta Gracia,2023-01-26,2
95,12,Té Negro 20 saquitos,1,570,570,2024-02-25,26,Camila Sanchez,camila.sanchez@mail.com,qr,Té Negro 20 saquitos,Limpieza,570,Camila Sanchez,camila.sanchez@mail.com,Alta Gracia,2023-01-26,2
96,81,Aceitunas Verdes 200g,3,2520,7560,2024-02-23,83,Franco Gomez,franco.gomez@mail.com,tarjeta,Aceitunas Verdes 200g,Alimentos,2520,Franco Gomez,franco.gomez@mail.com,Rio Cuarto,2023-03-24,2
96,68,Vino Blanco 750ml,1,2684,2684,2024-02-23,83,Franco Gomez,franco.gomez@mail.com,tarjeta,Vino Blanco 750ml,Limpieza,2684,Franco Gomez,franco.gomez@mail.com,Rio Cuarto,2023-03-24,2
96,11,Café Molido 250g,2,2053,4106,2024-02-23,83,Franco Gomez,franco.gomez@mail.com,tarjeta,Café Molido 250g,Alimentos,2053,Franco Gomez,franco.gomez@mail.com,Rio Cuarto,2023-03-24,2
96,50,Azúcar 1kg,3,727,2181,2024-02-23,83,Franco Gomez,franco.gomez@mail.com,tarjeta,Azúcar 1kg,Limpieza,727,Franco Gomez,franco.gomez@mail.com,Rio Cuarto,2023-03-24,2
97,59,Chicle Menta,5,3612,18060,2024-06-16,39,Santiago Diaz,santiago.diaz@mail.com,efectivo,Chicle Menta,Alimentos,3612,Santiago Diaz,santiago.diaz@mail.com,Alta Gracia,2023-02-08,6
97,36,Dulce de Leche 400g,1,2559,2559,2024-06-16,39,Santiago Diaz,santiago.diaz@mail.com,efectivo,Dulce de Leche 400g,Limpieza,2559,Santiago Diaz,santiago.diaz@mail.com,Alta Gracia,2023-02-08,6
97,4,Fanta Naranja 1.5L,3,2033,6099,2024-06-16,39,Santiago Diaz,santiago.diaz@mail.com,efectivo,Fanta Naranja 1.5L,Limpieza,2033,Santiago Diaz,santiago.diaz@mail.com,Alta Gracia,2023-02-08,6
98,28,Papas Fritas Clásicas 100g,4,936,3744,2024-01-12,43,Lucas Perez,lucas.perez@mail.com,transferencia,Papas Fritas Clásicas 100g,Limpieza,936,Lucas Perez,lucas.perez@mail.com,Mendiolaza,2023-02-12,1
98,61,Miel Pura 250g,1,4982,4982,2024-01-12,43,Lucas Perez,lucas.perez@mail.com,transferencia,Miel Pura 250g,Alimentos,4982,Lucas Perez,lucas.perez@mail.com,Mendiolaza,2023-02-12,1
98,29,Papas Fritas Onduladas 100g,1,1868,1868,2024-01-12,43,Lucas Perez,lucas.perez@mail.com,transferencia,Papas Fritas Onduladas 100g,Alimentos,1868,Lucas Perez,lucas.perez@mail.com,Mendiolaza,2023-02-12,1
98,83,Queso Untable 190g,3,1830,5490,2024-01-12,43,Lucas Perez,lucas.perez@mail.com,transferencia,Queso Untable 190g,Alimentos,1830,Lucas Perez,lucas.perez@mail.com,Mendiolaza,2023-02-12,1
99,40,Helado Chocolate 1L,5,1215,6075,2024-03-13,51,Agustina Gomez,agustina.gomez@mail.com,transferencia,Helado Chocolate 1L,Limpieza,1215,Agustina Gomez,agustina.gomez@mail.com,Rio Cuarto,2023-02-20,3
100,13,Té Verde 20 saquitos,3,2383,7149,2024-06-08,69,Felipe Flores,felipe.flores@mail.com,qr,Té Verde 20 saquitos,Alimentos,2383,Felipe Flores,felipe.flores@mail.com,Rio Cuarto,2023-03-10,6
100,18,Queso Rallado 150g,4,3444,13776,2024-06-08,69,Felipe Flores,felipe.flores@mail.com,qr,Queso Rallado 150g,Limpieza,3444,Felipe Flores,felipe.flores@mail.com,Rio Cuarto,2023-03-10,6
100,58,Caramelos Masticables,2,4752,9504,2024-06-08,69,Felipe Flores,felipe.flores@mail.com,qr,Caramelos Masticables,Limpieza,4752,Felipe Flores,felipe.flores@mail.com,Rio Cuarto,2023-03-10,6
100,57,Servilletas x100,1,4520,4520,2024-06-08,69,Felipe Flores,felipe.flores@mail.com,qr,Servilletas x100,Alimentos,4520,Felipe Flores,felipe.flores@mail.com,Rio Cuarto,2023-03-10,6
100,9,Yerba Mate Suave 1kg,4,3878,15512,2024-06-08,69,Felipe Flores,felipe.flores@mail.com,qr,Yerba Mate Suave 1kg,Alimentos,3878,Felipe Flores,felipe.flores@mail.com,Rio Cuarto,2023-03-10,6
101,34,Turrón 50g,4,503,2012,2024-03-28,72,Camila Rodriguez,camila.rodriguez@mail.com,efectivo,Turrón 50g,Limpieza,503,Camila Rodriguez,camila.rodriguez@mail.com,Cordoba,2023-03-13,3
102,78,Verduras Congeladas Mix,3,4289,12867,2024-03-29,18,Ivana Torres,ivana.torres@mail.com,efectivo,Verduras Congeladas Mix,Limpieza,4289,Ivana Torres,ivana.torres@mail.com,Carlos Paz,2023-01-18,3
102,36,Dulce de Leche 400g,3,2559,7677,2024-03-29,18,Ivana Torres,ivana.torres@mail.com,efectivo,Dulce de Leche 400g,Limpieza,2559,Ivana Torres,ivana.torres@mail.com,Carlos Paz,2023-01-18,3
103,79,Hamburguesas Congeladas x4,5,2420,12100,2024-03-11,39,Santiago Diaz,santiago.diaz@mail.com,efectivo,Hamburguesas Congeladas x4,Alimentos,2420,Santiago Diaz,santiago.diaz@mail.com,Alta Gracia,2023-02-08,3
103,43,Salsa de Tomate 500g,5,887,4435,2024-03-11,39,Santiago Diaz,santiago.diaz@mail.com,efectivo,Salsa de Tomate 500g,Alimentos,887,Santiago Diaz,santiago.diaz@mail.com,Alta Gracia,2023-02-08,3
103,34,Turrón 50g,1,503,503,2024-03-11,39,Santiago Diaz,santiago.diaz@mail.com,efectivo,Turrón 50g,Limpieza,503,Santiago Diaz,santiago.diaz@mail.com,Alta Gracia,2023-02-08,3
103,70,Fernet 750ml,1,4061,4061,2024-03-11,39,Santiago Diaz,santiago.diaz@mail.com,efectivo,Fernet 750ml,Limpieza,4061,Santiago Diaz,santiago.diaz@mail.com,Alta Gracia,2023-02-08,3
104,95,Mascarilla Capilar,2,1581,3162,2024-06-17,86,Diego Torres,diego.torres@mail.com,qr,Mascarilla Capilar,Alimentos,1581,Diego Torres,diego.torres@mail.com,Cordoba,2023-03-27,6
104,68,Vino Blanco 750ml,3,2684,8052,2024-06-17,86,Diego Torres,diego.torres@mail.com,qr,Vino Blanco 750ml,Limpieza,2684,Diego Torres,diego.torres@mail.com,Cordoba,2023-03-27,6
104,68,Vino Blanco 750ml,5,2684,13420,2024-06-17,86,Diego Torres,diego.torres@mail.com,qr,Vino Blanco 750ml,Limpieza,2684,Diego Torres,diego.torres@mail.com,Cordoba,2023-03-27,6
105,13,Té Verde 20 saquitos,2,2383,4766,2024-02-06,1,Mariana Lopez,mariana.lopez@mail.com,transferencia,Té Verde 20 saquitos,Alimentos,2383,Mariana Lopez,mariana.lopez@mail.com,Carlos Paz,2023-01-01,2
105,4,Fanta Naranja 1.5L,4,2033,8132,2024-02-06,1,Mariana Lopez,mariana.lopez@mail.com,transferencia,Fanta Naranja 1.5L,Limpieza,2033,Mariana Lopez,mariana.lopez@mail.com,Carlos Paz,2023-01-01,2
105,58,Caramelos Masticables,2,4752,9504,2024-02-06,1,Mariana Lopez,mariana.lopez@mail.com,transferencia,Caramelos Masticables,Limpieza,4752,Mariana Lopez,mariana.lopez@mail.com,Carlos Paz,2023-01-01,2
105,82,Aceitunas Negras 200g,4,2394,9576,2024-02-06,1,Mariana Lopez,mariana.lopez@mail.com,transferencia,Aceitunas Negras 200g,Limpieza,2394,Mariana Lopez,mariana.lopez@mail.com,Carlos Paz,2023-01-01,2
105,43,Salsa de Tomate 500g,5,887,4435,2024-02-06,1,Mariana Lopez,mariana.lopez@mail.com,transferencia,Salsa de Tomate 500g,Alimentos,887,Mariana Lopez,mariana.lopez@mail.com,Carlos Paz,2023-01-01,2
106,88,Caldo Concentrado Carne,3,2570,7710,2024-03-24,82,Lucas Lopez,lucas.lopez@mail.com,transferencia,Caldo Concentrado Carne,Limpieza,2570,Lucas Lopez,lucas.lopez@mail.com,Alta Gracia,2023-03-23,3
107,7,Jugo de Manzana 1L,4,3269,13076,2024-05-21,14,Gael Martinez,gael.martinez@mail.com,efectivo,Jugo de Manzana 1L,Alimentos,3269,Gael Martinez,gael.martinez@mail.com,Carlos Paz,2023-01-14,5
107,11,Café Molido 250g,2,2053,4106,2024-05-21,14,Gael Martinez,gael.martinez@mail.com,efectivo,Café Molido 250g,Alimentos,2053,Gael Martinez,gael.martinez@mail.com,Carlos Paz,2023-01-14,5
107,12,Té Negro 20 saquitos,4,570,2280,2024-05-21,14,Gael Martinez,gael.martinez@mail.com,efectivo,Té Negro 20 saquitos,Limpieza,570,Gael Martinez,gael.martinez@mail.com,Carlos Paz,2023-01-14,5
107,5,Agua Mineral 500ml,4,4777,19108,2024-05-21,14,Gael Martinez,gael.martinez@mail.com,efectivo,Agua Mineral 500ml,Alimentos,4777,Gael Martinez,gael.martinez@mail.com,Carlos Paz,2023-01-14,5
108,90,Toallas Húmedas x50,4,2902,11608,2024-03-25,9,Yamila Molina,yamila.molina@mail.com,tarjeta,Toallas Húmedas x50,Limpieza,2902,Yamila Molina,yamila.molina@mail.com,Carlos Paz,2023-01-09,3
109,18,Queso Rallado 150g,1,3444,3444,2024-06-04,64,Julian Alvarez,julian.alvarez@mail.com,transferencia,Queso Rallado 150g,Limpieza,3444,Julian Alvarez,julian.alvarez@mail.com,Villa Maria,2023-03-05,6
109,74,Whisky 750ml,1,2953,2953,2024-06-04,64,Julian Alvarez,julian.alvarez@mail.com,transferencia,Whisky 750ml,Limpieza,2953,Julian Alvarez,julian.alvarez@mail.com,Villa Maria,2023-03-05,6
109,20,Pan Lactal Blanco,2,1571,3142,2024-06-04,64,Julian Alvarez,julian.alvarez@mail.com,transferencia,Pan Lactal Blanco,Limpieza,1571,Julian Alvarez,julian.alvarez@mail.com,Villa Maria,2023-03-05,6
109,44,Arroz Largo Fino 1kg,5,2979,14895,2024-06-04,64,Julian Alvarez,julian.alvarez@mail.com,transferencia,Arroz Largo Fino 1kg,Limpieza,2979,Julian Alvarez,julian.alvarez@mail.com,Villa Maria,2023-03-05,6
110,6,Jugo de Naranja 1L,1,4170,4170,2024-05-19,92,Mariana Rodriguez,mariana.rodriguez@mail.com,efectivo,Jugo de Naranja 1L,Limpieza,4170,Mariana Rodriguez,mariana.rodriguez@mail.com,Alta Gracia,2023-04-02,5
110,59,Chicle Menta,3,3612,10836,2024-05-19,92,Mariana Rodriguez,mariana.rodriguez@mail.com,efectivo,Chicle Menta,Alimentos,3612,Mariana Rodriguez,mariana.rodriguez@mail.com,Alta Gracia,2023-04-02,5
110,6,Jugo de Naranja 1L,5,4170,20850,2024-05-19,92,Mariana Rodriguez,mariana.rodriguez@mail.com,efectivo,Jugo de Naranja 1L,Limpieza,4170,Mariana Rodriguez,mariana.rodriguez@mail.com,Alta Gracia,2023-04-02,5
111,97,Limpiavidrios 500ml,4,872,3488,2024-02-12,48,Rocio Alvarez,rocio.alvarez@mail.com,efectivo,Limpiavidrios 500ml,Alimentos,872,Rocio Alvarez,rocio.alvarez@mail.com,Cordoba,2023-02-17,2
111,93,Cepillo de Dientes,3,2142,6426,2024-02-12,48,Rocio Alvarez,rocio.alvarez@mail.com,efectivo,Cepillo de Dientes,Alimentos,2142,Rocio Alvarez,rocio.alvarez@mail.com,Cordoba,2023-02-17,2
111,20,Pan Lactal Blanco,2,1571,3142,2024-02-12,48,Rocio Alvarez,rocio.alvarez@mail.com,efectivo,Pan Lactal Blanco,Limpieza,1571,Rocio Alvarez,rocio.alvarez@mail.com,Cordoba,2023-02-17,2
111,23,Bizcochos Salados,4,2380,9520,2024-02-12,48,Rocio Alvarez,rocio.alvarez@mail.com,efectivo,Bizcochos Salados,Alimentos,2380,Rocio Alvarez,rocio.alvarez@mail.com,Cordoba,2023-02-17,2
112,55,Shampoo 400ml,1,1407,1407,2024-01-19,28,Rocio Silva,rocio.silva@mail.com,tarjeta,Shampoo 400ml,Alimentos,1407,Rocio Silva,rocio.silva@mail.com,Cordoba,2023-01-28,1
112,21,Pan Lactal Integral,4,272,1088,2024-01-19,28,Rocio Silva,rocio.silva@mail.com,tarjeta,Pan Lactal Integral,Alimentos,272,Rocio Silva,rocio.silva@mail.com,Cordoba,2023-01-28,1
112,43,Salsa de Tomate 500g,5,887,4435,2024-01-19,28,Rocio Silva,rocio.silva@mail.com,tarjeta,Salsa de Tomate 500g,Alimentos,887,Rocio Silva,rocio.silva@mail.com,Cordoba,2023-01-28,1
112,13,Té Verde 20 saquitos,2,2383,4766,2024-01-19,28,Rocio Silva,rocio.silva@mail.com,tarjeta,Té Verde 20 saquitos,Alimentos,2383,Rocio Silva,rocio.silva@mail.com,Cordoba,2023-01-28,1
112,59,Chicle Menta,1,3612,3612,2024-01-19,28,Rocio Silva,rocio.silva@mail.com,tarjeta,Chicle Menta,Alimentos,3612,Rocio Silva,rocio.silva@mail.com,Cordoba,2023-01-28,1
113,53,Lavandina 1L,2,1664,3328,2024-03-08,98,Camila Castro,camila.castro@mail.com,transferencia,Lavandina 1L,Alimentos,1664,Camila Castro,camila.castro@mail.com,Cordoba,2023-04-08,3
113,92,Crema Dental 90g,3,2512,7536,2024-03-08,98,Camila Castro,camila.castro@mail.com,transferencia,Crema Dental 90g,Limpieza,2512,Camila Castro,camila.castro@mail.com,Cordoba,2023-04-08,3
114,8,Energética Nitro 500ml,1,4218,4218,2024-05-05,16,Felipe Alvarez,felipe.alvarez@mail.com,qr,Energética Nitro 500ml,Limpieza,4218,Felipe Alvarez,felipe.alvarez@mail.com,Rio Cuarto,2023-01-16,5
114,84,Queso Azul 150g,1,1645,1645,2024-05-05,16,Felipe Alvarez,felipe.alvarez@mail.com,qr,Queso Azul 150g,Limpieza,1645,Felipe Alvarez,felipe.alvarez@mail.com,Rio Cuarto,2023-01-16,5
114,10,Yerba Mate Intensa 1kg,1,4883,4883,2024-05-05,16,Felipe Alvarez,felipe.alvarez@mail.com,qr,Yerba Mate Intensa 1kg,Limpieza,4883,Felipe Alvarez,felipe.alvarez@mail.com,Rio Cuarto,2023-01-16,5
114,55,Shampoo 400ml,5,1407,7035,2024-05-05,16,Felipe Alvarez,felipe.alvarez@mail.com,qr,Shampoo 400ml,Alimentos,1407,Felipe Alvarez,felipe.alvarez@mail.com,Rio Cuarto,2023-01-16,5
114,92,Crema Dental 90g,4,2512,10048,2024-05-05,16,Felipe Alvarez,felipe.alvarez@mail.com,qr,Crema Dental 90g,Limpieza,2512,Felipe Alvarez,felipe.alvarez@mail.com,Rio Cuarto,2023-01-16,5
115,17,Queso Cremoso 500g,4,4834,19336,2024-02-16,3,Hernan Martinez,hernan.martinez@mail.com,transferencia,Queso Cremoso 500g,Alimentos,4834,Hernan Martinez,hernan.martinez@mail.com,Rio Cuarto,2023-01-03,2
115,97,Limpiavidrios 500ml,5,872,4360,2024-02-16,3,Hernan Martinez,hernan.martinez@mail.com,transferencia,Limpiavidrios 500ml,Alimentos,872,Hernan Martinez,hernan.martinez@mail.com,Rio Cuarto,2023-01-03,2
115,95,Mascarilla Capilar,4,1581,6324,2024-02-16,3,Hernan Martinez,hernan.martinez@mail.com,transferencia,Mascarilla Capilar,Alimentos,1581,Hernan Martinez,hernan.martinez@mail.com,Rio Cuarto,2023-01-03,2
115,84,Queso Azul 150g,2,1645,3290,2024-02-16,3,Hernan Martinez,hernan.martinez@mail.com,transferencia,Queso Azul 150g,Limpieza,1645,Hernan Martinez,hernan.martinez@mail.com,Rio Cuarto,2023-01-03,2
116,65,Cerveza Rubia 1L,1,2423,2423,2024-03-18,25,Karina Castro,karina.castro@mail.com,qr,Cerveza Rubia 1L,Alimentos,2423,Karina Castro,karina.castro@mail.com,Rio Cuarto,2023-01-25,3
116,35,Barrita de Cereal 30g,2,4430,8860,2024-03-18,25,Karina Castro,karina.castro@mail.com,qr,Barrita de Cereal 30g,Alimentos,4430,Karina Castro,karina.castro@mail.com,Rio Cuarto,2023-01-25,3
116,42,Vinagre de Alcohol 500ml,4,1195,4780,2024-03-18,25,Karina Castro,karina.castro@mail.com,qr,Vinagre de Alcohol 500ml,Limpieza,1195,Karina Castro,karina.castro@mail.com,Rio Cuarto,2023-01-25,3
116,54,Jabón de Tocador,5,1592,7960,2024-03-18,25,Karina Castro,karina.castro@mail.com,qr,Jabón de Tocador,Limpieza,1592,Karina Castro,karina.castro@mail.com,Rio Cuarto,2023-01-25,3
116,90,Toallas Húmedas x50,4,2902,11608,2024-03-18,25,Karina Castro,karina.castro@mail.com,qr,Toallas Húmedas x50,Limpieza,2902,Karina Castro,karina.castro@mail.com,Rio Cuarto,2023-01-25,3
117,67,Vino Tinto Malbec 750ml,4,4719,18876,2024-03-14,72,Camila Rodriguez,camila.rodriguez@mail.com,tarjeta,Vino Tinto Malbec 750ml,Alimentos,4719,Camila Rodriguez,camila.rodriguez@mail.com,Cordoba,2023-03-13,3
117,61,Miel Pura 250g,2,4982,9964,2024-03-14,72,Camila Rodriguez,camila.rodriguez@mail.com,tarjeta,Miel Pura 250g,Alimentos,4982,Camila Rodriguez,camila.rodriguez@mail.com,Cordoba,2023-03-13,3
118,68,Vino Blanco 750ml,5,2684,13420,2024-02-09,84,Pablo Sanchez,pablo.sanchez@mail.com,efectivo,Vino Blanco 750ml,Limpieza,2684,Pablo Sanchez,pablo.sanchez@mail.com,Cordoba,2023-03-25,2
118,68,Vino Blanco 750ml,3,2684,8052,2024-02-09,84,Pablo Sanchez,pablo.sanchez@mail.com,efectivo,Vino Blanco 750ml,Limpieza,2684,Pablo Sanchez,pablo.sanchez@mail.com,Cordoba,2023-03-25,2
118,70,Fernet 750ml,2,4061,8122,2024-02-09,84,Pablo Sanchez,pablo.sanchez@mail.com,efectivo,Fernet 750ml,Limpieza,4061,Pablo Sanchez,pablo.sanchez@mail.com,Cordoba,2023-03-25,2
118,93,Cepillo de Dientes,3,2142,6426,2024-02-09,84,Pablo Sanchez,pablo.sanchez@mail.com,efectivo,Cepillo de Dientes,Alimentos,2142,Pablo Sanchez,pablo.sanchez@mail.com,Cordoba,2023-03-25,2
118,50,Azúcar 1kg,2,727,1454,2024-02-09,84,Pablo Sanchez,pablo.sanchez@mail.com,efectivo,Azúcar 1kg,Limpieza,727,Pablo Sanchez,pablo.sanchez@mail.com,Cordoba,2023-03-25,2
119,45,Fideos Spaghetti 500g,5,745,3725,2024-02-07,51,Agustina Gomez,agustina.gomez@mail.com,qr,Fideos Spaghetti 500g,Alimentos,745,Agustina Gomez,agustina.gomez@mail.com,Rio Cuarto,2023-02-20,2
120,20,Pan Lactal Blanco,5,1571,7855,2024-04-21,72,Camila Rodriguez,camila.rodriguez@mail.com,tarjeta,Pan Lactal Blanco,Limpieza,1571,Camila Rodriguez,camila.rodriguez@mail.com,Cordoba,2023-03-13,4
